{"cameraMode":{"drawMode":0,"name":"Shaded","section":"Shading Mode"},"sceneLighting":true,"audioPlay":false,"sceneViewState":{"m_AlwaysRefresh":false,"showFog":true,"showSkybox":true,"showFlares":true,"showImageEffects":true,"showParticleSystems":true,"showVisualEffectGraphs":true,"m_FxEnabled":true},"in2DMode":false,"pivot":{"x":-0.07903177291154862,"y":1.0274287462234498,"z":39.337501525878909},"rotation":{"x":-0.006009495817124844,"y":-0.006018807180225849,"z":0.0000369866393157281,"w":-0.9999754428863525},"size":3.928063154220581,"orthographic":false}