{"cameraMode":{"drawMode":0,"name":"Shaded","section":"Shading Mode"},"sceneLighting":true,"audioPlay":false,"sceneViewState":{"m_AlwaysRefresh":false,"showFog":true,"showSkybox":true,"showFlares":true,"showImageEffects":true,"showParticleSystems":true,"showVisualEffectGraphs":true,"m_FxEnabled":true},"in2DMode":false,"pivot":{"x":1381.42041015625,"y":495.7579650878906,"z":-44.599151611328128},"rotation":{"x":0.042655013501644137,"y":-0.10172130167484284,"z":0.004375783260911703,"w":0.9938976168632507},"size":926.8169555664063,"orthographic":true}