{"cameraMode":{"drawMode":0,"name":"Shaded","section":"Shading Mode"},"sceneLighting":true,"audioPlay":false,"sceneViewState":{"m_AlwaysRefresh":false,"showFog":true,"showSkybox":true,"showFlares":true,"showImageEffects":true,"showParticleSystems":true,"showVisualEffectGraphs":true,"m_FxEnabled":true},"in2DMode":false,"pivot":{"x":123.88609313964844,"y":151.79684448242188,"z":25.062355041503908},"rotation":{"x":-0.015305879525840283,"y":-0.020399389788508416,"z":0.00031229451997205615,"w":-0.999678909778595},"size":430.5390930175781,"orthographic":false}