{"cameraMode":{"drawMode":0,"name":"Shaded","section":"Shading Mode"},"sceneLighting":true,"audioPlay":false,"sceneViewState":{"m_AlwaysRefresh":false,"showFog":true,"showSkybox":true,"showFlares":true,"showImageEffects":true,"showParticleSystems":true,"showVisualEffectGraphs":true,"m_FxEnabled":true},"in2DMode":false,"pivot":{"x":1019.6207275390625,"y":442.68560791015627,"z":95.76248168945313},"rotation":{"x":-0.01678231731057167,"y":0.0371900238096714,"z":-0.0005669186939485371,"w":-0.99919593334198},"size":811.6356811523438,"orthographic":true}