{"cameraMode":{"drawMode":0,"name":"Shaded","section":"Shading Mode"},"sceneLighting":true,"audioPlay":false,"sceneViewState":{"m_AlwaysRefresh":false,"showFog":true,"showSkybox":true,"showFlares":true,"showImageEffects":true,"showParticleSystems":true,"showVisualEffectGraphs":true,"m_FxEnabled":true},"in2DMode":false,"pivot":{"x":1009.4888916015625,"y":581.5446166992188,"z":0.43727874755859377},"rotation":{"x":-0.009602751582860947,"y":0.0330016165971756,"z":0.0003258806827943772,"w":0.9994176626205444},"size":542.3297119140625,"orthographic":true}