{"cameraMode":{"drawMode":0,"name":"Shaded","section":"Shading Mode"},"sceneLighting":true,"audioPlay":false,"sceneViewState":{"m_AlwaysRefresh":false,"showFog":true,"showSkybox":true,"showFlares":true,"showImageEffects":true,"showParticleSystems":true,"showVisualEffectGraphs":true,"m_FxEnabled":true},"in2DMode":false,"pivot":{"x":-0.3161313533782959,"y":0.994312047958374,"z":-9.600000381469727},"rotation":{"x":0.0011904212879016996,"y":0.005096932873129845,"z":0.000006053994184185285,"w":-0.9999910593032837},"size":0.09875234216451645,"orthographic":false}