{"cameraMode":{"drawMode":0,"name":"Shaded","section":"Shading Mode"},"sceneLighting":true,"audioPlay":false,"sceneViewState":{"m_AlwaysRefresh":false,"showFog":true,"showSkybox":true,"showFlares":true,"showImageEffects":true,"showParticleSystems":true,"showVisualEffectGraphs":true,"m_FxEnabled":true},"in2DMode":false,"pivot":{"x":931.8475341796875,"y":471.3416748046875,"z":-197.83676147460938},"rotation":{"x":-0.02715698629617691,"y":-0.09611474722623825,"z":0.002685450715944171,"w":-0.9950277805328369},"size":573.0306396484375,"orthographic":true}