{"cameraMode":{"drawMode":0,"name":"Shaded","section":"Shading Mode"},"sceneLighting":true,"audioPlay":false,"sceneViewState":{"m_AlwaysRefresh":false,"showFog":true,"showSkybox":true,"showFlares":true,"showImageEffects":true,"showParticleSystems":true,"showVisualEffectGraphs":true,"m_FxEnabled":true},"in2DMode":false,"pivot":{"x":1202.4595947265625,"y":867.3582763671875,"z":-48.87226104736328},"rotation":{"x":-0.009602751582860947,"y":0.0330016165971756,"z":0.0003258806827943772,"w":0.9994176626205444},"size":140.13731384277345,"orthographic":true}