{"cameraMode":{"drawMode":0,"name":"Shaded","section":"Shading Mode"},"sceneLighting":false,"audioPlay":false,"sceneViewState":{"m_AlwaysRefresh":false,"showFog":true,"showSkybox":false,"showFlares":true,"showImageEffects":true,"showParticleSystems":true,"showVisualEffectGraphs":true,"m_FxEnabled":true},"in2DMode":false,"pivot":{"x":-0.5615454912185669,"y":-0.1415157914161682,"z":-0.21999895572662354},"rotation":{"x":0.2300509810447693,"y":-0.22105127573013307,"z":0.0537438839673996,"w":0.9462159276008606},"size":0.8660253882408142,"orthographic":false}